Boozer Name & Address,Region,Part of London,Outside Space,coal,postcode,lat,lng
"Crate Brewery & Pizzeria, London E9 5EN",E,Hackney Wick,Canal,"Crate Brewery & Pizzeria, London E9 5EN",E9 5EN,51.542958,-0.023109
"The Scolt Head, 107A Culford Rd, London N1 4HT",E,Haggerston,Space at Front,"The Scolt Head, 107A Culford Rd, London N1 4HT",N1 4HT,51.543793,-0.081569
"Rosemary Branch, 2 Shepperton Rd, London N1 3DT",E,Haggerston,Space at Front,"Rosemary Branch, 2 Shepperton Rd, London N1 3DT",N1 3DT,51.537621,-0.08696
"Duke of York, 33 Downham Rd, Haggerston, London N1 5AA",E,Haggerston,Space at Front,"Duke of York, 33 Downham Rd, Haggerston, London N1 5AA",N1 5AA,51.538894,-0.077809
"The Talbot, 109 Mortimer Rd, London N1 4JY",E,Haggerston,Upstairs Terraces,"The Talbot, 109 Mortimer Rd, London N1 4JY",N1 4JY,51.542908,-0.079224
"The Adam & Eve Pub, 155 Homerton High St, London E9 6AS",E,Homerton,Beer Garden,"The Adam & Eve Pub, 155 Homerton High St, London E9 6AS",E9 6AS,51.548896,-0.040577
"The Spread Eagle 224 Homerton High St, London E9 6AS",E,Homerton,Beer Garden,"The Spread Eagle 224 Homerton High St, London E9 6AS",E9 6AS,51.548896,-0.040577
"Pub On The Park, 19 Martello St, London E8 3PE",E,London Fields,Beer Garden,"Pub On The Park, 19 Martello St, London E8 3PE",E8 3PE,51.541796,-0.058144
"The Crown and Shuttle, 226 Shoreditch High St, London E1 6PJ",E,Shoreditch,Beer Garden,"The Crown and Shuttle, 226 Shoreditch High St, London E1 6PJ",E1 6PJ,51.522489,-0.078241
"The Water Poet, 9-11 Folgate St, London E1 6BX",E,The City of London,Beer Garden,"The Water Poet, 9-11 Folgate St, London E1 6BX",E1 6BX,51.52098,-0.077351
"The Hemingway, 84 Victoria Park Rd, London E9 7JL",E,Victoria Park,Space at Front,"The Hemingway, 84 Victoria Park Rd, London E9 7JL",E9 7JL,51.537458,-0.0476
"Town of Ramsgate, 62 Wapping High St, London E1W 2PN",E,Wapping,River,"Town of Ramsgate, 62 Wapping High St, London E1W 2PN",E1W 2PN,51.503364,-0.062084
"The Dickens Inn, Marble Quay, London E1W 1UH",E,Wapping,River,"The Dickens Inn, Marble Quay, London E1W 1UH",E1W 1UH,51.50644,-0.070268
"The Captain Kidd, 108 Wapping High St, London E1W 2NE",E,Wapping,River,"The Captain Kidd, 108 Wapping High St, London E1W 2NE",E1W 2NE,51.503026,-0.060124
"Prospect of Whitby, 57 Wapping Wall, London E1W 3SH",E,Wapping,River,"Prospect of Whitby, 57 Wapping Wall, London E1W 3SH",E1W 3SH,51.507102,-0.051045
"Lamb Tavern, 10-12 Leadenhall Market, London EC3V 1LR",EC,City,Space at Front,"Lamb Tavern, 10-12 Leadenhall Market, London EC3V 1LR",EC3V 1LR,51.512699,-0.083435
"The Exmouth Arms, 23 Exmouth Market, London EC1R 4QL",EC,Farringdon,Space at Front,"The Exmouth Arms, 23 Exmouth Market, London EC1R 4QL",EC1R 4QL,51.526075,-0.109042
"Betsey Trotwood, 56 Farringdon Rd, London EC1R 3BL",EC,Farringdon,Space at Front,"Betsey Trotwood, 56 Farringdon Rd, London EC1R 3BL",EC1R 3BL,51.523312,-0.107971
"Hamilton Hall , Liverpool St, London EC2M 7PY",EC,Liverpool Street,Space at Front,"Hamilton Hall , Liverpool St, London EC2M 7PY",EC2M 7PY,51.518488,-0.082198
"The Oyster Shed, 1 Angel Ln, London EC4R 3AB",EC,The City of London,River,"The Oyster Shed, 1 Angel Ln, London EC4R 3AB",EC4R 3AB,51.509739,-0.089439
"The Banker, Cousin Ln, London EC4R 3TE",EC,The City of London,River,"The Banker, Cousin Ln, London EC4R 3TE",EC4R 3TE,51.509652,-0.091723
"The Green Man Hotel, Dagmar Ave, Wembley HA9 8DF",HA,Wembley,Beer Garden,"The Green Man Hotel, Dagmar Ave, Wembley HA9 8DF",HA9 8DF,51.557006,-0.289463
"The Parish Bar, 120 Wembley Park Dr, Wembley HA9 8HP",HA,Wembley,Hybrid,"The Parish Bar, 120 Wembley Park Dr, Wembley HA9 8HP",HA9 8HP,51.561754,-0.283116
"The Drapers Arms, 44 Barnsbury St, London N1 1ER",N,Angel,Beer Garden,"The Drapers Arms, 44 Barnsbury St, London N1 1ER",N1 1ER,51.540556,-0.108266
"Earl of Essex, 25 Danbury St, London N1 8LE",N,Angel,Beer Garden,"Earl of Essex, 25 Danbury St, London N1 8LE",N1 8LE,51.534183,-0.099518
"The Lord Clyde, 340-342 Essex Rd, London N1 3PB",N,Angel,Beer Garden,"The Lord Clyde, 340-342 Essex Rd, London N1 3PB",N1 3PB,51.54352,-0.090274
"The Narrowboat Pub, 119 St Peter's St, London N1 8PZ",N,Angel,Canal,"The Narrowboat Pub, 119 St Peter's St, London N1 8PZ",N1 8PZ,51.533028,-0.096931
"The York, 82 Islington High St, London N1 8EQ",N,Angel,Pedestrian/Spill,"The York, 82 Islington High St, London N1 8EQ",N1 8EQ,51.533672,-0.105021
"Wenlock And Essex, 18-26 Essex Rd, London N1 8LN",N,Angel,Space at Front,"Wenlock And Essex, 18-26 Essex Rd, London N1 8LN",N1 8LN,51.536638,-0.101048
"The Vineyard, 179 Upper St, London N1 1RG",N,Angel,Space at Front,"The Vineyard, 179 Upper St, London N1 1RG",N1 1RG,51.541364,-0.103156
"The Three Johns, 73 White Lion St, London N1 9PF",N,Angel,Space at Front,"The Three Johns, 73 White Lion St, London N1 9PF",N1 9PF,51.532935,-0.108567
"The Foxglove, 209-211 Liverpool Rd, London N1 1LX",N,Angel,Space at Front,"The Foxglove, 209-211 Liverpool Rd, London N1 1LX",N1 1LX,51.539983,-0.106732
"The Angelic, 57 Liverpool Rd, London N1 0RJ",N,Angel,Space at Front,"The Angelic, 57 Liverpool Rd, London N1 0RJ",N1 0RJ,51.534787,-0.107409
"Camden Head, 2 Camden Walk, London N1 8DY",N,Angel,Space at Front,"Camden Head, 2 Camden Walk, London N1 8DY",N1 8DY,51.535706,-0.103089
"Hemingford Arms, 158 Hemingford Rd, London N1 1DF",N,Angel,Space at Front,"Hemingford Arms, 158 Hemingford Rd, London N1 1DF",N1 1DF,51.542966,-0.113115
"The Crown, 116 Cloudesley Rd, London N1 0EB",N,Angel,Space at Front,"The Crown, 116 Cloudesley Rd, London N1 0EB",N1 0EB,51.536441,-0.109434
"The Pig and Butcher, 80 Liverpool Rd, London N1 0QD",N,Angel,Space at Front,"The Pig and Butcher, 80 Liverpool Rd, London N1 0QD",N1 0QD,51.537248,-0.106488
"The Castle, 54 Pentonville Rd, London N1 9HF",N,Angel,Upstairs Terraces,"The Castle, 54 Pentonville Rd, London N1 9HF",N1 9HF,51.532182,-0.108166
"The Faltering Fullback, 19 Perth Rd, London N4 3HB",N,Finsbury Park,2+ Offerings,"The Faltering Fullback, 19 Perth Rd, London N4 3HB",N4 3HB,51.568656,-0.108574
"The Gunners, 204 Blackstock Rd, London N5 1EN",N,Highbury & Is,Beer Garden,"The Gunners, 204 Blackstock Rd, London N5 1EN",N5 1EN,51.559154,-0.098881
"Bank of Friendship, 226 Blackstock Rd, London N5 1EA",N,Highbury & Is,Beer Garden,"Bank of Friendship, 226 Blackstock Rd, London N5 1EA",N5 1EA,51.558569,-0.098848
"The Tollington Arms, 115 Hornsey Rd, London N7 6DN",N,Highbury & Is,Space at Front,"The Tollington Arms, 115 Hornsey Rd, London N7 6DN",N7 6DN,51.557254,-0.11268
"The Horatia, 98-102 Holloway Rd, London N7 8JE",N,Highbury & Is,Space at Front,"The Horatia, 98-102 Holloway Rd, London N7 8JE",N7 8JE,51.550369,-0.108984
"Duchess Of Kent, 441 Liverpool Rd, London N7 8PR",N,Highbury & Is,Space at Front,"Duchess Of Kent, 441 Liverpool Rd, London N7 8PR",N7 8PR,51.545957,-0.108619
"The Highbury Barn Tavern, 26 Highbury Park, London N5 2AB",N,Highbury & Is,Space at Front,"The Highbury Barn Tavern, 26 Highbury Park, London N5 2AB",N5 2AB,51.553525,-0.098181
"Brewhouse and Kitchen - Highbury, 2A Corsica St, London N5 1JJ",N,Highbury & Is,Space at Front,"Brewhouse and Kitchen - Highbury, 2A Corsica St, London N5 1JJ",N5 1JJ,51.546364,-0.10152
"The Twelve Pins, 263 Seven Sisters Rd, London N4 2DE",N,Highbury & Is,Space at Front,"The Twelve Pins, 263 Seven Sisters Rd, London N4 2DE",N4 2DE,51.565004,-0.104585
"The Alwyne Castle, 83 St Paul's Rd, London N1 2LY",N,Highbury & Is,Space at Front,"The Alwyne Castle, 83 St Paul's Rd, London N1 2LY",N1 2LY,51.546559,-0.098599
"Gatehouse, 1 North Rd, London N6 4BD",N,Highgate,Beer Garden,"Gatehouse, 1 North Rd, London N6 4BD",N6 4BD,51.572029,-0.150341
"The Lighterman, 3 Granary Square, London N1C 4BH",N,Kings Cross,2+ Offerings,"The Lighterman, 3 Granary Square, London N1C 4BH",N1C 4BH,51.536437,-0.124485
"Rotunda, Kings Place, 90 York Way, London N1 9AG",N,Kings Cross,Canal,"Rotunda, Kings Place, 90 York Way, London N1 9AG",N1 9AG,51.534239,-0.121995
"Maid of Muswell, 121 Alexandra Park Rd, London N10 2DP",N,Muswell Hill,Space at Front,"Maid of Muswell, 121 Alexandra Park Rd, London N10 2DP",N10 2DP,51.598729,-0.13867
"Sir Richard Steele Pub, 97 Haverstock Hill, London NW3 4RL",NW,Belsize Park,Beer Garden,"Sir Richard Steele Pub, 97 Haverstock Hill, London NW3 4RL",NW3 4RL,51.546711,-0.158652
"The Lock Tavern, 35 Chalk Farm Rd, London NW1 8AJ",NW,Camden,2+ Offerings,"The Lock Tavern, 35 Chalk Farm Rd, London NW1 8AJ",NW1 8AJ,51.542921,-0.148274
"The Ice Wharf, 28 Jamestown Rd, London NW1 7BY",NW,Camden,Canal,"The Ice Wharf, 28 Jamestown Rd, London NW1 7BY",NW1 7BY,51.540183,-0.147448
"Lockside Camden, 75-89 Upper Walkway, London NW1 8AF",NW,Camden,Upstairs Terraces,"Lockside Camden, 75-89 Upper Walkway, London NW1 8AF",NW1 8AF,51.54109,-0.146635
"The Roebuck, 15 Pond St, London NW3 2PN",NW,Hampstead,2+ Offerings,"The Roebuck, 15 Pond St, London NW3 2PN",NW3 2PN,51.553895,-0.167403
"The Freemasons Arms, 32 Downshire Hill, London NW3 1NT",NW,Hampstead,Beer Garden,"The Freemasons Arms, 32 Downshire Hill, London NW3 1NT",NW3 1NT,51.556491,-0.169534
"The Wells, 30 Well Walk, London NW3 1BX",NW,Hampstead,Hybrid,"The Wells, 30 Well Walk, London NW3 1BX",NW3 1BX,51.558907,-0.17339
"The Horseshoe, 28 Heath St, London NW3 6TE",NW,Hampstead,Space at Front,"The Horseshoe, 28 Heath St, London NW3 6TE",NW3 6TE,51.555776,-0.178463
"King William IV, 77 Hampstead High St, London NW3 1RE",NW,Hampstead,Space at Front,"King William IV, 77 Hampstead High St, London NW3 1RE",NW3 1RE,51.555522,-0.176386
"Allsop Arms, 137-143 Gloucester Pl, London NW1 5AL",NW,Marylebone,Space at Front,"Allsop Arms, 137-143 Gloucester Pl, London NW1 5AL",NW1 5AL,51.522309,-0.160209
"Victoria And Albert, 11 Melcombe Pl, London NW1 6JJ",NW,Marylebone,Space at Front,"Victoria And Albert, 11 Melcombe Pl, London NW1 6JJ",NW1 6JJ,51.52309,-0.163003
"The Volunteer, 245-247 Baker St, London NW1 6XE",NW,Marylebone,Space at Front,"The Volunteer, 245-247 Baker St, London NW1 6XE",NW1 6XE,51.523659,-0.158541
"The Trader's Inn, 52 Church St, London NW8 8EP",NW,Marylebone,Space at Front,"The Trader's Inn, 52 Church St, London NW8 8EP",NW8 8EP,51.524058,-0.169711
"The Queens, 49 Regent's Park Rd, London NW1 8XD",NW,Primrose Hill,2+ Offerings,"The Queens, 49 Regent's Park Rd, London NW1 8XD",NW1 8XD,51.540858,-0.157745
"The Pembroke Castle, 150 Gloucester Ave, London NW1 8JA",NW,Primrose Hill,Beer Garden,"The Pembroke Castle, 150 Gloucester Ave, London NW1 8JA",NW1 8JA,51.542234,-0.154907
"The Engineer, 65 Gloucester Ave, London NW1 8JD",NW,Primrose Hill,Beer Garden,"The Engineer, 65 Gloucester Ave, London NW1 8JD",NW1 8JD,51.540756,-0.151711
"The Lansdowne, 90 Gloucester Ave, London NW1 8HX",NW,Primrose Hill,Space at Front,"The Lansdowne, 90 Gloucester Ave, London NW1 8HX",NW1 8HX,51.54179,-0.154117
"Crocker's Folly, 24 Aberdeen Pl, London NW8 8JR",NW,St Johns Wood,Space at Front,"Crocker's Folly, 24 Aberdeen Pl, London NW8 8JR",NW8 8JR,51.525606,-0.175405
"The Woolpack, 98 Bermondsey St, SE1 3UB",SE,Bermondsey,Beer Garden,"The Woolpack, 98 Bermondsey St, SE1 3UB",SE1 3UB,51.500816,-0.082049
"The Grange Pub, 103 - 104 Grange Rd, London SE1 3BW",SE,Bermondsey,Beer Garden,"The Grange Pub, 103 - 104 Grange Rd, London SE1 3BW",SE1 3BW,51.494377,-0.076079
"The Bermondsey Yard Café, 40 Bermondsey St, SE1 3UD",SE,Bermondsey,Hybrid,"The Bermondsey Yard Café, 40 Bermondsey St, SE1 3UD",SE1 3UD,51.501616,-0.082549
"The Angel, 101 Bermondsey Wall, London SE16 4NB",SE,Bermondsey,River,"The Angel, 101 Bermondsey Wall, London SE16 4NB",SE16 4NB,51.500617,-0.059074
"The Victoria, 68-70 Page's Walk, London SE1 4HL",SE,Bermondsey,Space at Front,"The Victoria, 68-70 Page's Walk, London SE1 4HL",SE1 4HL,51.494588,-0.080723
"The Marquis Of Wellington, 21 Druid St, SE1 2HH",SE,Bermondsey,Space at Front,"The Marquis Of Wellington, 21 Druid St, SE1 2HH",SE1 2HH,51.49916,-0.07369
"The Old Bank, 239 Southwark Park Rd, London SE16 3TT",SE,Bermondsey,Space at Front,"The Old Bank, 239 Southwark Park Rd, London SE16 3TT",SE16 3TT,,
"The Gregorian, 96 Jamaica Rd, SE16 4SQ",SE,Bermondsey,Space at Front,"The Gregorian, 96 Jamaica Rd, SE16 4SQ",SE16 4SQ,51.497631,-0.066159
"St James of Bermondsey, 72 St James's Rd, SE16 4QZ",SE,Bermondsey,Space at Front,"St James of Bermondsey, 72 St James's Rd, SE16 4QZ",SE16 4QZ,51.495444,-0.066065
"The Crown, 49 Tranquil Vale, Blackheath, London SE3 0BS",SE,Blackheath,Space at Front,"The Crown, 49 Tranquil Vale, Blackheath, London SE3 0BS",SE3 0BS,51.466596,0.007208
"Wheatsheaf, 6 Stoney St, London SE1 9AA",SE,Borough,2+ Offerings,"Wheatsheaf, 6 Stoney St, London SE1 9AA",SE1 9AA,51.505108,-0.091074
"The Globe Tavern, 8 Bedale St, London SE1 9AL",SE,Borough,Beer Garden,"The Globe Tavern, 8 Bedale St, London SE1 9AL",SE1 9AL,51.505476,-0.089963
"The George Inn,, 77 Borough High St, SE1 1NH",SE,Borough,Beer Garden,"The George Inn,, 77 Borough High St, SE1 1NH",SE1 1NH,51.504243,-0.090462
"Spit and Sawdust, 21 Bartholomew St, London SE1 4AL",SE,Borough,Beer Garden,"Spit and Sawdust, 21 Bartholomew St, London SE1 4AL",SE1 4AL,51.495328,-0.088025
"Bunch of Grapes, 2 St Thomas St, London SE1 9RS",SE,Borough,Beer Garden,"Bunch of Grapes, 2 St Thomas St, London SE1 9RS",SE1 9RS,51.504656,-0.088617
"The Prince of Wales, 51 St George's Rd, London SE1 6ER",SE,Borough,Beer Garden,"The Prince of Wales, 51 St George's Rd, London SE1 6ER",SE1 6ER,51.495823,-0.10459
"The Rake, Borough Market, 14A Winchester Walk, London SE1 9AG",SE,Borough,Hybrid,"The Rake, Borough Market, 14A Winchester Walk, London SE1 9AG",SE1 9AG,51.506273,-0.091288
"The Mudlark, Montague Cl, London SE1 9DA",SE,Borough,Hybrid,"The Mudlark, Montague Cl, London SE1 9DA",SE1 9DA,51.506167,-0.089174
"The Ship, 68 Borough Rd, London SE1 1DX",SE,Borough,River,"The Ship, 68 Borough Rd, London SE1 1DX",SE1 1DX,51.499501,-0.096884
"The Old Thameside Inn, Pickfords Wharf, SE1 9DG",SE,Borough,River,"The Old Thameside Inn, Pickfords Wharf, SE1 9DG",SE1 9DG,51.506983,-0.091918
"The Britannia, 44 Kipling St, Kipling Estate, London SE1 3RU",SE,Borough,Space at Front,"The Britannia, 44 Kipling St, Kipling Estate, London SE1 3RU",SE1 3RU,51.501146,-0.087479
"The Roebuck, 50 Great Dover St, London SE1 4YG",SE,Borough,Space at Front,"The Roebuck, 50 Great Dover St, London SE1 4YG",SE1 4YG,51.49817,-0.090704
"St Christopher’s at the Inn, 121 Borough High St, London SE1 1NP",SE,Borough,Space at Front,"St Christopher’s at the Inn, 121 Borough High St, London SE1 1NP",SE1 1NP,51.503607,-0.091122
"The Brockley Barge, 184 Brockley Rd, London SE4 2RR",SE,Brockely,Beer Garden,"The Brockley Barge, 184 Brockley Rd, London SE4 2RR",SE4 2RR,51.464508,-0.036696
"London Beer Dispensary, 389 Brockley Rd, London SE4 2PH",SE,Brockely,Beer Garden,"London Beer Dispensary, 389 Brockley Rd, London SE4 2PH",SE4 2PH,51.45455,-0.037052
"Brockley Jack, 408-410 Brockley Road, London SE4 2DH",SE,Brockely,Beer Garden,"Brockley Jack, 408-410 Brockley Road, London SE4 2DH",SE4 2DH,51.453423,-0.038551
"The Manor, 140 Walworth Rd, London SE17 1JL",SE,Elephant & Castle,Beer Garden,"The Manor, 140 Walworth Rd, London SE17 1JL",SE17 1JL,51.492099,-0.098391
"The Gipsy Moth, 60 Greenwich Church St, London SE10 9BL",SE,Greenwich,River,"The Gipsy Moth, 60 Greenwich Church St, London SE10 9BL",SE10 9BL,51.481698,-0.009844
"The Florence, 131 Dulwich Rd, London SE24 0NG",SE,Herne Hill,Beer Garden,"The Florence, 131 Dulwich Rd, London SE24 0NG",SE24 0NG,51.452776,-0.10299
"Half Moon, Herne Hill, 10 Half Moon Ln, London SE24 9HU",SE,Herne Hill,Beer Garden,"Half Moon, Herne Hill, 10 Half Moon Ln, London SE24 9HU",SE24 9HU,51.452613,-0.099586
"The Prince Regent, 69 Dulwich Rd, Brixton, London SE24 0NJ",SE,Herne Hill,Space at Front,"The Prince Regent, 69 Dulwich Rd, Brixton, London SE24 0NJ",SE24 0NJ,51.454243,-0.107561
"White Bear, 138, Kennington Park Rd, London SE11 4DJ",SE,Kennington,Beer Garden,"White Bear, 138, Kennington Park Rd, London SE11 4DJ",SE11 4DJ,51.486707,-0.10805
"The Beehive, 51 Durham St, London SE11 5JA",SE,Kennington,Beer Garden,"The Beehive, 51 Durham St, London SE11 5JA",SE11 5JA,51.485125,-0.118828
"The Pilgrim, 247 Kennington Ln, London SE11 5QU",SE,Kennington,Space at Front,"The Pilgrim, 247 Kennington Ln, London SE11 5QU",SE11 5QU,51.486711,-0.113884
"The Dog House, 293 Kennington Rd, London SE11 6BY",SE,Kennington,Space at Front,"The Dog House, 293 Kennington Rd, London SE11 6BY",SE11 6BY,51.490022,-0.110747
"The Tankard, 111 Kennington Rd, London SE11 6SF",SE,Kennington,Upstairs Terraces,"The Tankard, 111 Kennington Rd, London SE11 6SF",SE11 6SF,51.494199,-0.110503
"The Horniman, Hays Galleria, 18-19 Battle Bridge Ln, SE1 2HD",SE,London Bridge,River,"The Horniman, Hays Galleria, 18-19 Battle Bridge Ln, SE1 2HD",SE1 2HD,51.505885,-0.083494
"The Shipwrights Arms, 88 Tooley St, London, SE1 2TF",SE,London Bridge,Space at Front,"The Shipwrights Arms, 88 Tooley St, London, SE1 2TF",SE1 2TF,51.50462,-0.085867
"The New Cross House, 316 New Cross Rd, London SE14 6AF",SE,New Cross,Beer Garden,"The New Cross House, 316 New Cross Rd, London SE14 6AF",SE14 6AF,51.475392,-0.03745
"The Rye, 31 Peckham Rye, London SE15 3NX",SE,Peckham,Beer Garden,"The Rye, 31 Peckham Rye, London SE15 3NX",SE15 3NX,51.464652,-0.065423
"The Salt Quay, 163 Rotherhithe St, London SE16 5QU",SE,Rotherhithe,River,"The Salt Quay, 163 Rotherhithe St, London SE16 5QU",SE16 5QU,51.504626,-0.047621
"Founders Arms, 52 Hopton St, London SE1 9JH",SE,South Bank,River,"Founders Arms, 52 Hopton St, London SE1 9JH",SE1 9JH,51.508264,-0.102027
"Doggett's Coat and Badge, Blackfriars Bridge, London SE1 9UD",SE,South Bank,River,"Doggett's Coat and Badge, Blackfriars Bridge, London SE1 9UD",SE1 9UD,51.508451,-0.104855
"Anchor Bankside, 34 Park St, London SE1 9EF",SE,South Bank,River,"Anchor Bankside, 34 Park St, London SE1 9EF",SE1 9EF,51.506974,-0.092916
"The Anchor & Hope, 36 The Cut,, London SE1 8LP",SE,Southwark,Hybrid,"The Anchor & Hope, 36 The Cut,, London SE1 8LP",SE1 8LP,51.503414,-0.106854
"The White Hart, 22 Great Suffolk St, London SE1 0UG",SE,Southwark,Space at Front,"The White Hart, 22 Great Suffolk St, London SE1 0UG",SE1 0UG,51.505319,-0.101339
"The Union Jack, 225 Union St, London SE1 0LR",SE,Southwark,Space at Front,"The Union Jack, 225 Union St, London SE1 0LR",SE1 0LR,51.503421,-0.102271
"The Ring, 72 Blackfriars Rd, London SE1 8HA",SE,Southwark,Space at Front,"The Ring, 72 Blackfriars Rd, London SE1 8HA",SE1 8HA,51.503051,-0.10501
"Lord Nelson, 243 Union St, London SE1 0LR",SE,Southwark,Space at Front,"Lord Nelson, 243 Union St, London SE1 0LR",SE1 0LR,51.503421,-0.102271
"The Avalon, 16 Balham Hill, London SW12 9EB",SW,Balham,Beer Garden,"The Avalon, 16 Balham Hill, London SW12 9EB",SW12 9EB,51.45053,-0.148088
"The Nightingale, 97 Nightingale Ln, London SW12 8NX",SW,Balham,Beer Garden,"The Nightingale, 97 Nightingale Ln, London SW12 8NX",SW12 8NX,51.450226,-0.157369
"The Devonshire, 39 Balham High Rd, London SW12 9AN",SW,Balham,Beer Garden,"The Devonshire, 39 Balham High Rd, London SW12 9AN",SW12 9AN,51.446766,-0.14896
"The Coach & Horses, 27 Barnes High St, London SW13 9LW",SW,Barnes,Beer Garden,"The Coach & Horses, 27 Barnes High St, London SW13 9LW",SW13 9LW,51.473597,-0.249479
"The White Hart, The Terrace, London SW13 0NR",SW,Barnes,River,"The White Hart, The Terrace, London SW13 0NR",SW13 0NR,51.471343,-0.254571
"The Sun Inn, 7 Church Rd, London SW13 9HE",SW,Barnes,Space at Front,"The Sun Inn, 7 Church Rd, London SW13 9HE",SW13 9HE,51.473774,-0.246904
"The Prince Albert, 85 Albert Bridge Rd, London SW11 4PF",SW,Battersea,2+ Offerings,"The Prince Albert, 85 Albert Bridge Rd, London SW11 4PF",SW11 4PF,51.48002,-0.166103
"The Magic Garden, 231 Battersea Park Rd, London SW11 4LG",SW,Battersea,Beer Garden,"The Magic Garden, 231 Battersea Park Rd, London SW11 4LG",SW11 4LG,51.47531,-0.150811
"The Asparagus, 1-13 Falcon Rd, London SW11 2PL",SW,Battersea,Beer Garden,"The Asparagus, 1-13 Falcon Rd, London SW11 2PL",SW11 2PL,51.469896,-0.171322
"The Woodman, 60 Battersea High St, London SW11 3HX",SW,Battersea,Beer Garden,"The Woodman, 60 Battersea High St, London SW11 3HX",SW11 3HX,51.473567,-0.173864
"Fox and Hounds, 66-68 Latchmere Rd, London SW11 2JU",SW,Battersea,Beer Garden,"Fox and Hounds, 66-68 Latchmere Rd, London SW11 2JU",SW11 2JU,51.466849,-0.162844
"The Light House, 441 Battersea Park Rd, London, SW11 4LR",SW,Battersea,Beer Garden,"The Light House, 441 Battersea Park Rd, London, SW11 4LR",SW11 4LR,51.472494,-0.16328
"Flanagans, 133 Battersea Park Rd, London SW8 4AG",SW,Battersea,Space at Front,"Flanagans, 133 Battersea Park Rd, London SW8 4AG",SW8 4AG,51.477931,-0.144733
"The Victoria, The Victoria, 166 Queenstown Rd, London SW8 3QH",SW,Battersea,Space at Front,"The Victoria, The Victoria, 166 Queenstown Rd, London SW8 3QH",SW8 3QH,51.472742,-0.148179
"Draft House, Westbridge, 74-76 Battersea Bridge Rd, SW11 3AG",SW,Battersea,Space at Front,"Draft House, Westbridge, 74-76 Battersea Bridge Rd, SW11 3AG",SW11 3AG,51.478768,-0.170632
"Duke Of Cambridge, 228 Battersea Bridge Rd, London SW11 3AA",SW,Battersea,Space at Front,"Duke Of Cambridge, 228 Battersea Bridge Rd, London SW11 3AA",SW11 3AA,51.472608,-0.1659
"The Flag, 103 Culvert Rd, London SW11 5AU",SW,Battersea,Space at Front,"The Flag, 103 Culvert Rd, London SW11 5AU",SW11 5AU,51.472093,-0.159495
"Paya & Horse Pub, 181 Battersea Park Rd, London SW11 4LB",SW,Battersea,Space at Front,"Paya & Horse Pub, 181 Battersea Park Rd, London SW11 4LB",SW11 4LB,51.475733,-0.149095
"The Mason's Arms 169 Battersea Park Rd, London SW8 4BT",SW,Battersea,Space at Front,"The Mason's Arms 169 Battersea Park Rd, London SW8 4BT",SW8 4BT,51.476743,-0.146941
"The Nags Head, 53 Kinnerton St, London SW1X 8ED",SW,Belgravia,Mews,"The Nags Head, 53 Kinnerton St, London SW1X 8ED",SW1X 8ED,51.501335,-0.157092
"The Belgravia, 152 Ebury St, London SW1W 9JL",SW,Belgravia,Space at Front,"The Belgravia, 152 Ebury St, London SW1W 9JL",SW1W 9JL,51.492499,-0.151614
"The Antelope, The Antelope, Eaton Terrace, London SW1W 8EZ",SW,Belgravia,Space at Front,"The Antelope, The Antelope, Eaton Terrace, London SW1W 8EZ",SW1W 8EZ,51.494175,-0.155868
"The Alfred Tennyson, 10 Motcomb St, London SW1X 8LA",SW,Belgravia,Space at Front,"The Alfred Tennyson, 10 Motcomb St, London SW1X 8LA",SW1X 8LA,51.499681,-0.156486
"Duke of Wellington, 63 Eaton Terrace, London SW1W 8TR",SW,Belgravia,Space at Front,"Duke of Wellington, 63 Eaton Terrace, London SW1W 8TR",SW1W 8TR,51.493295,-0.153642
"The Thomas Cubitt, 44 Elizabeth St, London SW1W 9PA",SW,Belgravia,Space at Front,"The Thomas Cubitt, 44 Elizabeth St, London SW1W 9PA",SW1W 9PA,51.493817,-0.150826
"The Prince of Wales Brixton, 467- 469 Brixton Rd, London SW9 8HH",SW,Brixton,2+ Offerings,"The Prince of Wales Brixton, 467- 469 Brixton Rd, London SW9 8HH",SW9 8HH,51.461845,-0.115021
"Trinity Arms, 45 Trinity Gardens, London SW9 8DR",SW,Brixton,Beer Garden,"Trinity Arms, 45 Trinity Gardens, London SW9 8DR",SW9 8DR,51.461923,-0.118775
"The Duke of Edinburgh Pup, 204 Ferndale Rd, London SW9 8AG",SW,Brixton,Beer Garden,"The Duke of Edinburgh Pup, 204 Ferndale Rd, London SW9 8AG",SW9 8AG,51.46341,-0.119549
"Hope & Anchor, 123 Acre Ln, London SW2 5UA",SW,Brixton,Beer Garden,"Hope & Anchor, 123 Acre Ln, London SW2 5UA",SW2 5UA,51.459573,-0.128059
"Crown & Anchor, 246 Brixton Rd, London SW9 6AQ",SW,Brixton,Pedestrian/Spill,"Crown & Anchor, 246 Brixton Rd, London SW9 6AQ",SW9 6AQ,51.471102,-0.112998
"White Horse Brixton, 94 Brixton Hill, Brixton, London SW2 1QN",SW,Brixton,Space at Front,"White Horse Brixton, 94 Brixton Hill, Brixton, London SW2 1QN",SW2 1QN,51.454893,-0.120028
"Effra Social, 89 Effra Rd, Brixton, London SW2 1DF",SW,Brixton,Space at Front,"Effra Social, 89 Effra Rd, Brixton, London SW2 1DF",SW2 1DF,51.455669,-0.113461
"The Prince Albert, 418 Coldharbour Ln, Brixton, London SW9 8LF",SW,Brixton,Space at Front,"The Prince Albert, 418 Coldharbour Ln, Brixton, London SW9 8LF",SW9 8LF,51.461832,-0.113078
"The Phene, 9 Phene St, London SW3 5NY",SW,Chelsea,Beer Garden,"The Phene, 9 Phene St, London SW3 5NY",SW3 5NY,51.485244,-0.167698
"The Builders Arms, 13 Britten St, London SW3 3TY",SW,Chelsea,Beer Garden,"The Builders Arms, 13 Britten St, London SW3 3TY",SW3 3TY,51.489065,-0.167771
"The Sydney Arms, 70 Sydney St, London SW3 6NJ",SW,Chelsea,Space at Front,"The Sydney Arms, 70 Sydney St, London SW3 6NJ",SW3 6NJ,51.488532,-0.169251
"Chelsea Ram, 32 Burnaby St, London SW10 0PL",SW,Chelsea,Space at Front,"Chelsea Ram, 32 Burnaby St, London SW10 0PL",SW10 0PL,51.479112,-0.182873
"Cross Keys, 1 Lawrence St, London SW3 5NB",SW,Chelsea,Space at Front,"Cross Keys, 1 Lawrence St, London SW3 5NB",SW3 5NB,51.483747,-0.170965
"Rose & Crown, 90-92 Lower Sloane St, London SW1W 8BU",SW,Chelsea,Space at Front,"Rose & Crown, 90-92 Lower Sloane St, London SW1W 8BU",SW1W 8BU,51.490036,-0.156842
"The Falcon, 33 Bedford Rd, London SW4 7SQ",SW,Clapham,2+ Offerings,"The Falcon, 33 Bedford Rd, London SW4 7SQ",SW4 7SQ,51.464328,-0.129099
"The Clapham Tap, 128 Clapham Manor St, London SW4 6ED",SW,Clapham,2+ Offerings,"The Clapham Tap, 128 Clapham Manor St, London SW4 6ED",SW4 6ED,51.464504,-0.135642
"The Sun, 47 Old Town, London SW4 0JL",SW,Clapham,Beer Garden,"The Sun, 47 Old Town, London SW4 0JL",SW4 0JL,51.464129,-0.140912
"The Stonhouse, 165 Stonhouse St, London SW4 6BJ",SW,Clapham,Beer Garden,"The Stonhouse, 165 Stonhouse St, London SW4 6BJ",SW4 6BJ,51.464407,-0.136942
"The Northcote, 2 Northcote Rd, London SW11 1NT",SW,Clapham,Beer Garden,"The Northcote, 2 Northcote Rd, London SW11 1NT",SW11 1NT,51.460532,-0.167147
"The Four Thieves, 51 Lavender Gardens, London SW11 1DJ",SW,Clapham,Beer Garden,"The Four Thieves, 51 Lavender Gardens, London SW11 1DJ",SW11 1DJ,51.463496,-0.162389
"The Bobbin, 1-3 Lillieshall Rd, London SW4 0LN",SW,Clapham,Beer Garden,"The Bobbin, 1-3 Lillieshall Rd, London SW4 0LN",SW4 0LN,51.466076,-0.143468
"Churchills, 151 St John's Hill, London SW11 1TQ",SW,Clapham,Beer Garden,"Churchills, 151 St John's Hill, London SW11 1TQ",SW11 1TQ,51.460155,-0.177008
"The Windmill, Windmill Dr, London SW4 9DE",SW,Clapham,Hybrid,"The Windmill, Windmill Dr, London SW4 9DE",SW4 9DE,51.457586,-0.145039
"The Rose & Crown, 2 The Polygon, London SW4 0JG",SW,Clapham,Space at Front,"The Rose & Crown, 2 The Polygon, London SW4 0JG",SW4 0JG,51.463489,-0.141413
"The Perky Nel, 7-8 Cavendish Rd, London SW4 9DW",SW,Clapham,Space at Front,"The Perky Nel, 7-8 Cavendish Rd, London SW4 9DW",SW4 9DW,51.453747,-0.1463
"Old Town Tavern, 29 North St, Clapham Town, London SW4 0HJ",SW,Clapham,Space at Front,"Old Town Tavern, 29 North St, Clapham Town, London SW4 0HJ",SW4 0HJ,51.466212,-0.142357
"Merchant of Battersea, 23-25 Battersea Rise, London SW11 1HG",SW,Clapham,Space at Front,"Merchant of Battersea, 23-25 Battersea Rise, London SW11 1HG",SW11 1HG,51.460807,-0.163436
"King & Co, 100 Clapham Park Rd, London SW4 7BZ",SW,Clapham,Space at Front,"King & Co, 100 Clapham Park Rd, London SW4 7BZ",SW4 7BZ,51.459181,-0.134017
"Leather Bottle, 538 Garratt Ln, London SW17 0NY",SW,Earlsfield,Beer Garden,"Leather Bottle, 538 Garratt Ln, London SW17 0NY",SW17 0NY,51.436869,-0.187197
"The Wandle of Earlsfield, 332 Garratt Ln, London SW18 4EJ",SW,Earlsfield,Beer Garden,"The Wandle of Earlsfield, 332 Garratt Ln, London SW18 4EJ",SW18 4EJ,51.443603,-0.190025
"The Rose Pub, 1 Harwood Terrace, London SW6 2AF",SW,Fulham,Beer Garden,"The Rose Pub, 1 Harwood Terrace, London SW6 2AF",SW6 2AF,51.476711,-0.189866
"The Jam Tree, 541 King's Rd, London SW6 2EB",SW,Fulham,Beer Garden,"The Jam Tree, 541 King's Rd, London SW6 2EB",SW6 2EB,51.478978,-0.187602
"The Chelsea Pensioner, 358 Fulham Rd, London SW10 9UU",SW,Fulham,Beer Garden,"The Chelsea Pensioner, 358 Fulham Rd, London SW10 9UU",SW10 9UU,51.481517,-0.187804
"Goose Fulham, 248 North End Rd, London SW6 1NL",SW,Fulham,Beer Garden,"Goose Fulham, 248 North End Rd, London SW6 1NL",SW6 1NL,51.48519,-0.202681
"The Cock Tavern, 360 North End Rd, London, SW6 1LY",SW,Fulham,Beer Garden,"The Cock Tavern, 360 North End Rd, London, SW6 1LY",SW6 1LY,51.481256,-0.199437
"The Rylston, 197 Lillie Road, London, SW6 7LW",SW,Fulham,Beer Garden,"The Rylston, 197 Lillie Road, London, SW6 7LW",SW6 7LW,51.483686,-0.207781
"The Captain Cook, 203-205 Dawes Rd, London, SW6 7QY",SW,Fulham,Beer Garden,"The Captain Cook, 203-205 Dawes Rd, London, SW6 7QY",SW6 7QY,51.481068,-0.209496
"The Sands End, 35-137 Stephendale Rd, London SW6 2PR",SW,Fulham,Space at Front,"The Sands End, 35-137 Stephendale Rd, London SW6 2PR",SW6 2PR,51.472369,-0.187072
"The Malt House, 17 Vanston Pl, London SW6 1AY",SW,Fulham,Space at Front,"The Malt House, 17 Vanston Pl, London SW6 1AY",SW6 1AY,51.481606,-0.198227
"The Imperial Arms, 577 King's Rd, London SW6 2EH",SW,Fulham,Space at Front,"The Imperial Arms, 577 King's Rd, London SW6 2EH",SW6 2EH,51.478455,-0.188564
"The Butcher's Hook, 477 Fulham Rd, London SW6 1HL",SW,Fulham,Space at Front,"The Butcher's Hook, 477 Fulham Rd, London SW6 1HL",SW6 1HL,51.4803,-0.188788
"Broadway London, 474-476 Fulham Rd, London SW6 1BY",SW,Fulham,Upstairs Terraces,"Broadway London, 474-476 Fulham Rd, London SW6 1BY",SW6 1BY,51.480593,-0.194969
"The Pig & Whistle, 86 Sheen Ln, London SW14 8LP",SW,Mortlake,Beer Garden,"The Pig & Whistle, 86 Sheen Ln, London SW14 8LP",SW14 8LP,51.465848,-0.267239
"The Hare & Hounds, 216 Upper Richmond Rd, London SW14 8AH",SW,Mortlake,Beer Garden,"The Hare & Hounds, 216 Upper Richmond Rd, London SW14 8AH",SW14 8AH,51.46503,-0.264832
"Aragon House, 247-249 New King's Rd, London SW6 4XG",SW,Parson's Green,2+ Offerings,"Aragon House, 247-249 New King's Rd, London SW6 4XG",SW6 4XG,51.472559,-0.199937
"The Fulham Mitre, 81 Dawes Rd, London SW6 7DU",SW,Parson's Green,Beer Garden,"The Fulham Mitre, 81 Dawes Rd, London SW6 7DU",SW6 7DU,51.480207,-0.203659
"The Kings Arms, 425 New King's Road, London, SW6 4RN",SW,Parson's Green,Beer Garden,"The Kings Arms, 425 New King's Road, London, SW6 4RN",SW6 4RN,51.469177,-0.209876
"The Golden Lion, 57 Fulham High St, London, SW6 3JJ",SW,Parson's Green,Beer Garden,"The Golden Lion, 57 Fulham High St, London, SW6 3JJ",SW6 3JJ,51.470034,-0.210087
"The Durell Arms, 704 Fulham Rd, London SW6 5SB",SW,Parson's Green,Space at Front,"The Durell Arms, 704 Fulham Rd, London SW6 5SB",SW6 5SB,51.473876,-0.207877
"The Brown Cow, 676 Fulham Rd, London SW6 5SA",SW,Parson's Green,Space at Front,"The Brown Cow, 676 Fulham Rd, London SW6 5SA",SW6 5SA,51.474705,-0.206822
"The Grosvenor, 79 Grosvenor Rd, London SW1V 3LA",SW,Pimlico,Space at Front,"The Grosvenor, 79 Grosvenor Rd, London SW1V 3LA",SW1V 3LA,51.486625,-0.131687
"The Gallery Pub, 1 Lupus St, London SW1V 3AS",SW,Pimlico,Space at Front,"The Gallery Pub, 1 Lupus St, London SW1V 3AS",SW1V 3AS,51.488675,-0.134484
"No 11 Pimlico Road, 11 Pimlico Rd, London SW1W 8NA",SW,Pimlico,Space at Front,"No 11 Pimlico Road, 11 Pimlico Rd, London SW1W 8NA",SW1W 8NA,51.490651,-0.151358
"Rising Sun, 44-46 Ebury Bridge Rd, London SW1W 8PZ",SW,Pimlico,Space at Front,"Rising Sun, 44-46 Ebury Bridge Rd, London SW1W 8PZ",SW1W 8PZ,51.490105,-0.1504
"The Golden Lion, 57 Fulham High St, London SW6 3JJ",SW,Putney,Beer Garden,"The Golden Lion, 57 Fulham High St, London SW6 3JJ",SW6 3JJ,51.470034,-0.210087
"The Half Moon, 93 Lower Richmond Rd, London SW15 1EU",SW,Putney,Beer Garden,"The Half Moon, 93 Lower Richmond Rd, London SW15 1EU",SW15 1EU,51.467291,-0.220128
"Fox & Hounds, 165-167 Upper Richmond Rd, London SW15 6SE",SW,Putney,Beer Garden,"Fox & Hounds, 165-167 Upper Richmond Rd, London SW15 6SE",SW15 6SE,51.460897,-0.217676
"The Star and Garter, 4 Lower Richmond Rd, London SW15 1JN",SW,Putney,River,"The Star and Garter, 4 Lower Richmond Rd, London SW15 1JN",SW15 1JN,51.467148,-0.216592
"The Rocket, Putney Wharf Tower, London SW15 2JQ",SW,Putney,River,"The Rocket, Putney Wharf Tower, London SW15 2JQ",SW15 2JQ,51.46537,-0.213168
"The Boathouse, 32 Brewhouse Ln, London SW15 2JX",SW,Putney,River,"The Boathouse, 32 Brewhouse Ln, London SW15 2JX",SW15 2JX,51.465202,-0.212795
"Duke's Head, 8 Lower Richmond Rd, London SW15 1JN",SW,Putney,River,"Duke's Head, 8 Lower Richmond Rd, London SW15 1JN",SW15 1JN,51.467148,-0.216592
"Coat & Badge, 8 Lacy Rd, Putney, London SW15 1NL",SW,Putney,River,"Coat & Badge, 8 Lacy Rd, Putney, London SW15 1NL",SW15 1NL,51.464722,-0.217887
"The Eight Bells, 89 Fulham High St, London SW6 3JS",SW,Putney,Space at Front,"The Eight Bells, 89 Fulham High St, London SW6 3JS",SW6 3JS,51.468047,-0.210107
"The Spencer, 237 Lower Richmond Rd, London SW15 1HJ",SW,Putney,Space at Front,"The Spencer, 237 Lower Richmond Rd, London SW15 1HJ",SW15 1HJ,51.468267,-0.226915
"The Anglesea Arms, 15 Selwood Terrace, London SW7 3QG",SW,South Ken,Space at Front,"The Anglesea Arms, 15 Selwood Terrace, London SW7 3QG",SW7 3QG,51.490271,-0.177085
"Chequers Tavern, 16 Duke St, St. James's, London SW1Y 6DB",SW,St James's,Hybrid,"Chequers Tavern, 16 Duke St, St. James's, London SW1Y 6DB",SW1Y 6DB,51.507503,-0.137735
"The Landor, 70 Landor Rd, London SW9 9PH",SW,Stockwell,Beer Garden,"The Landor, 70 Landor Rd, London SW9 9PH",SW9 9PH,51.465704,-0.125789
"The Weatsheaf, 126 S Lambeth Rd, London SW8 1RB",SW,Stockwell,Beer Garden,"The Weatsheaf, 126 S Lambeth Rd, London SW8 1RB",SW8 1RB,51.480781,-0.124858
"The Surprise, 16 Southville, Lambeth, London SW8 2PP",SW,Stockwell,Beer Garden,"The Surprise, 16 Southville, Lambeth, London SW8 2PP",SW8 2PP,51.474529,-0.131536
"The Riverside, Hamilton House, 5 St George Wharf, London SW8 2LE",SW,Stockwell,Beer Garden,"The Riverside, Hamilton House, 5 St George Wharf, London SW8 2LE",SW8 2LE,51.485665,-0.126152
"Fentiman Arms, 64 Fentiman Rd, London SW8 1LA",SW,Stockwell,Beer Garden,"Fentiman Arms, 64 Fentiman Rd, London SW8 1LA",SW8 1LA,51.481215,-0.118917
"The Mawbey Arms, 7 Mawbey St, London SW8 2TT",SW,Stockwell,Space at Front,"The Mawbey Arms, 7 Mawbey St, London SW8 2TT",SW8 2TT,,
"The Cavendish Arms, 128 Hartington Rd, London SW8 2HJ",SW,Stockwell,Space at Front,"The Cavendish Arms, 128 Hartington Rd, London SW8 2HJ",SW8 2HJ,51.476544,-0.127692
"Priory Arms, 83 Lansdowne Way, London SW8 2PB",SW,Stockwell,Space at Front,"Priory Arms, 83 Lansdowne Way, London SW8 2PB",SW8 2PB,51.474988,-0.129314
"Nolans, 33 Wilcox Road, London SW8 2XA",SW,Stockwell,Space at Front,"Nolans, 33 Wilcox Road, London SW8 2XA",SW8 2XA,51.479785,-0.126767
"Feeleys, 99 Union Rd, London SW8 2RF",SW,Stockwell,Space at Front,"Feeleys, 99 Union Rd, London SW8 2RF",SW8 2RF,51.471482,-0.135056
"Duke Of Cambridge, 74 Lansdowne Way, London SW8 2DQ",SW,Stockwell,Space at Front,"Duke Of Cambridge, 74 Lansdowne Way, London SW8 2DQ",SW8 2DQ,51.474749,-0.125116
"Canton Arms, 177 S Lambeth Rd, London SW8 1XP",SW,Stockwell,Space at Front,"Canton Arms, 177 S Lambeth Rd, London SW8 1XP",SW8 1XP,51.476755,-0.122888
"The Bull Streatham, 498 Streatham High Rd, London SW16 3QB",SW,Streatham,Beer Garden,"The Bull Streatham, 498 Streatham High Rd, London SW16 3QB",SW16 3QB,51.41883,-0.128256
"The Vauxhall Belle, 8 Wyvil Rd, London SW8 2TH",SW,Vauhall,Pedestrian/Spill,"The Vauxhall Belle, 8 Wyvil Rd, London SW8 2TH",SW8 2TH,51.481687,-0.12531
"Phoenix in Victoria, 14 Palace St, London SW1E 5JA",SW,Victoria,Hybrid,"Phoenix in Victoria, 14 Palace St, London SW1E 5JA",SW1E 5JA,51.498725,-0.142088
"The Warwick Pimlico, 25 Warwick Way, London SW1V 1QT",SW,Victoria,Space at Front,"The Warwick Pimlico, 25 Warwick Way, London SW1V 1QT",SW1V 1QT,51.492549,-0.139468
"The Prince of Wales, 91 Wilton Rd, London SW1V 1DW",SW,Victoria,Space at Front,"The Prince of Wales, 91 Wilton Rd, London SW1V 1DW",SW1V 1DW,51.492642,-0.140775
"The King's Arms, 94-96 Wandsworth High St, London SW18 4LB",SW,Wandsworth,Beer Garden,"The King's Arms, 94-96 Wandsworth High St, London SW18 4LB",SW18 4LB,51.457255,-0.194153
"The Grapes, 39 Fairfield St, London SW18 1DX",SW,Wandsworth,Beer Garden,"The Grapes, 39 Fairfield St, London SW18 1DX",SW18 1DX,51.45892,-0.190758
"The Royal Standard, 1 Ballantine St, London SW18 1AL",SW,Wandsworth,Beer Garden,"The Royal Standard, 1 Ballantine St, London SW18 1AL",SW18 1AL,51.460384,-0.186626
"The Waterfront, Juniper Dr, London SW18 1TS",SW,Wandsworth,River,"The Waterfront, Juniper Dr, London SW18 1TS",SW18 1TS,51.464224,-0.185437
"The Ship, 41 Jews Row, London SW18 1TB",SW,Wandsworth,River,"The Ship, 41 Jews Row, London SW18 1TB",SW18 1TB,51.46294,-0.187921
"The Roundhouse, 2 North Side Wandsworth Com, London SW18 2SS",SW,Wandsworth,Space at Front,"The Roundhouse, 2 North Side Wandsworth Com, London SW18 2SS",SW18 2SS,51.458929,-0.17452
"The Lillie Langtry, 19 Lillie Rd, London, SW6 1UE",SW,West Brompton,Beer Garden,"The Lillie Langtry, 19 Lillie Rd, London, SW6 1UE",SW6 1UE,51.486265,-0.198289
"The Atlas, 6 Seagrave Rd, Fulham, London SW6 1RX",SW,West Brompton,Beer Garden,"The Atlas, 6 Seagrave Rd, Fulham, London SW6 1RX",SW6 1RX,51.486225,-0.196192
"The Cricketers - Kew Green, 79 Kew Green, Richmond TW9 3AH",TW,Kew,Canal,"The Cricketers - Kew Green, 79 Kew Green, Richmond TW9 3AH",TW9 3AH,51.485447,-0.288951
"The Hope, 115-117 Kew Rd, London TW9 2PN",TW,Richmond,Beer Garden,"The Hope, 115-117 Kew Rd, London TW9 2PN",TW9 2PN,51.465986,-0.298801
"The Shaftesbury, 121-123 Kew Rd, Richmond TW9 2PN",TW,Richmond,Beer Garden,"The Shaftesbury, 121-123 Kew Rd, Richmond TW9 2PN",TW9 2PN,51.465986,-0.298801
"The Railway Tavern, 28/29 The Quadrant, Richmond TW9 1DN",TW,Richmond,Beer Garden,"The Railway Tavern, 28/29 The Quadrant, Richmond TW9 1DN",TW9 1DN,51.462265,-0.302596
"The Duke, 2 Duke St, Richmond TW9 1HP",TW,Richmond,Beer Garden,"The Duke, 2 Duke St, Richmond TW9 1HP",TW9 1HP,51.461543,-0.304278
"The Sun Inn, 17 Parkshot, Richmond TW9 2RG",TW,Richmond,Hybrid,"The Sun Inn, 17 Parkshot, Richmond TW9 2RG",TW9 2RG,51.463294,-0.302895
"Roebuck, The Roebuck, 130 Richmond Hill, Richmond TW10 6RN",TW,Richmond,Pedestrian/Spill,"Roebuck, The Roebuck, 130 Richmond Hill, Richmond TW10 6RN",TW10 6RN,51.45232,-0.29835
"Slug & Lettuce, Riverside House, 5 Water Ln, Richmond TW9 1TJ",TW,Richmond,River,"Slug & Lettuce, Riverside House, 5 Water Ln, Richmond TW9 1TJ",TW9 1TJ,51.459024,-0.307365
"The White Cross, Riverside, Richmond TW9 1TH",TW,Richmond,River,"The White Cross, Riverside, Richmond TW9 1TH",TW9 1TH,51.458911,-0.3076
"Pitcher & Piano, 11 Bridge St, Richmond TW9 1TQ",TW,Richmond,River,"Pitcher & Piano, 11 Bridge St, Richmond TW9 1TQ",TW9 1TQ,51.458142,-0.306074
"The Orange Tree, 45 Kew Rd, Richmond TW9 2NQ",TW,Richmond,Space at Front,"The Orange Tree, 45 Kew Rd, Richmond TW9 2NQ",TW9 2NQ,51.464131,-0.301698
"The Prince's Head, 28 The Green, Richmond TW9 1LX",TW,Richmond,Space at Front,"The Prince's Head, 28 The Green, Richmond TW9 1LX",TW9 1LX,51.460425,-0.306594
"The Shack 68 Twickenham, 68 London Rd, Twickenham TW1 3QS",TW,Twickenahm,Beer Garden,"The Shack 68 Twickenham, 68 London Rd, Twickenham TW1 3QS",TW1 3QS,51.449508,-0.329736
"The Cabbage Patch, 67 London Rd, Twickenham TW1 3SZ",TW,Twickenahm,Beer Garden,"The Cabbage Patch, 67 London Rd, Twickenham TW1 3SZ",TW1 3SZ,51.4482,-0.329453
"Barmy Arms, The Embankment, Twickenham TW1 3DU",TW,Twickenahm,River,"Barmy Arms, The Embankment, Twickenham TW1 3DU",TW1 3DU,51.446506,-0.326111
"Albany Pub & Dining Room, 1 Queen's Rd,Twickenham TW1 4EZ",TW,Twickenahm,Space at Front,"Albany Pub & Dining Room, 1 Queen's Rd,Twickenham TW1 4EZ",TW1 4EZ,51.448219,-0.3321
"Adam & Eve, 77A Wells St, London W1T 3QQ",W,Fitzrovia,Pedestrian/Spill,"Adam & Eve, 77A Wells St, London W1T 3QQ",W1T 3QQ,51.516964,-0.137753
"Tower Tavern, 21 Clipstone St, London W1W 6BA",W,Fitzrovia,Space at Front,"Tower Tavern, 21 Clipstone St, London W1W 6BA",W1W 6BA,51.520667,-0.142762
"The Stags Head, 102 New Cavendish St, London W1W 6XW",W,Fitzrovia,Space at Front,"The Stags Head, 102 New Cavendish St, London W1W 6XW",W1W 6XW,51.519919,-0.143211
"The Marquis Of Granby, 2 Rathbone St, London W1T 1NR",W,Fitzrovia,Space at Front,"The Marquis Of Granby, 2 Rathbone St, London W1T 1NR",W1T 1NR,51.518048,-0.134667
"The King & Queen, 1 Foley St, London W1W 6DL",W,Fitzrovia,Space at Front,"The King & Queen, 1 Foley St, London W1W 6DL",W1W 6DL,51.520183,-0.138735
"The Court, 108A Tottenham Court Rd, London W1T 5AA",W,Fitzrovia,Space at Front,"The Court, 108A Tottenham Court Rd, London W1T 5AA",W1T 5AA,51.522968,-0.137018
"Market Place Bar, 11-13 Market Pl, London W1W 8AH",W,Fitzrovia,Space at Front,"Market Place Bar, 11-13 Market Pl, London W1W 8AH",W1W 8AH,51.516449,-0.140455
"The Prince of Wales Feathers, 8 Warren St, London W1T 5LD",W,Fitzrovia,Upstairs Terraces,"The Prince of Wales Feathers, 8 Warren St, London W1T 5LD",W1T 5LD,51.524151,-0.138469
"The Grafton Arms, 72 Grafton Way, London W1T 5DU",W,Fitzrovia,Upstairs Terraces,"The Grafton Arms, 72 Grafton Way, London W1T 5DU",W1T 5DU,51.523302,-0.138763
"The Carpenters Arms, 68-70 Whitfield St, London W1T 4EY",W,Fitzrovia,Upstairs Terraces,"The Carpenters Arms, 68-70 Whitfield St, London W1T 4EY",W1T 4EY,51.521791,-0.136533
"The Dove, 19 Upper Mall, London W6 9TA",W,Hammersmith,River,"The Dove, 19 Upper Mall, London W6 9TA",W6 9TA,51.490605,-0.236564
"The Crabtree, Rainville Rd, London W6 9HA",W,Hammersmith,River,"The Crabtree, Rainville Rd, London W6 9HA",W6 9HA,51.482862,-0.223315
"The Blue Boat, Distillery Wharf, Parrs Way, London W6 9GD",W,Hammersmith,River,"The Blue Boat, Distillery Wharf, Parrs Way, London W6 9GD",W6 9GD,51.487277,-0.226365
"The Blue Anchor, 13 Lower Mall, London W6 9DJ",W,Hammersmith,River,"The Blue Anchor, 13 Lower Mall, London W6 9DJ",W6 9DJ,51.489932,-0.231865
"Rutland Arms, 5 Lower Mall, London W6 9DJ",W,Hammersmith,River,"Rutland Arms, 5 Lower Mall, London W6 9DJ",W6 9DJ,51.489932,-0.231865
"The Old City Arms, 107 Hammersmith Bridge Rd, London W6 9DA",W,Hammersmith,River,"The Old City Arms, 107 Hammersmith Bridge Rd, London W6 9DA",W6 9DA,51.489277,-0.228952
"Old Ship, Hammersmith, 25 Upper Mall, London W6 9TD",W,Hammersmith,River,"Old Ship, Hammersmith, 25 Upper Mall, London W6 9TD",W6 9TD,51.49037,-0.240016
"The Black Lion, 2 S Black Lion Ln, London W6 9TJ",W,Hammersmith,River,"The Black Lion, 2 S Black Lion Ln, London W6 9TJ",W6 9TJ,51.490387,-0.242348
"Hop Poles, 17-19 King St, London W6 9HR",W,Hammersmith,Upstairs Terraces,"Hop Poles, 17-19 King St, London W6 9HR",W6 9HR,51.492735,-0.225611
"The Eagle, 250 Ladbroke Grove, London W10 5LP",W,Ladbroke Grove,Space at Front,"The Eagle, 250 Ladbroke Grove, London W10 5LP",W10 5LP,51.522718,-0.212865
"Warwick Castle, 6 Warwick Pl, London W9 2PX",W,Little Venice,Space at Front,"Warwick Castle, 6 Warwick Pl, London W9 2PX",W9 2PX,51.5221,-0.183757
"The Warrington, 93 Warrington Cres, London W9 1EH",W,Little Venice,Space at Front,"The Warrington, 93 Warrington Cres, London W9 1EH",W9 1EH,51.52652,-0.183437
"The Jackalope, 43 Weymouth Mews, London W1G 7EQ",W,Marylebone,Mews,"The Jackalope, 43 Weymouth Mews, London W1G 7EQ",W1G 7EQ,51.520039,-0.146233
"The Kings Head, 13 Westmoreland St, London W1G 8PJ",W,Marylebone,Space at Front,"The Kings Head, 13 Westmoreland St, London W1G 8PJ",W1G 8PJ,51.519171,-0.149958
"The Grazing Goat, 6 New Quebec St, London W1H 7RQ",W,Marylebone,Space at Front,"The Grazing Goat, 6 New Quebec St, London W1H 7RQ",W1H 7RQ,51.515297,-0.158085
"The Coach Makers Arms, 88 Marylebone Ln, London W1U 2PY",W,Marylebone,Space at Front,"The Coach Makers Arms, 88 Marylebone Ln, London W1U 2PY",W1U 2PY,51.517177,-0.150658
"The Carpenters Arms, 12 Seymour Pl, London W1H 7NE",W,Marylebone,Space at Front,"The Carpenters Arms, 12 Seymour Pl, London W1H 7NE",W1H 7NE,51.51475,-0.161004
"Lamb & Flag, 24 James St, London W1U 1EL",W,Marylebone,Space at Front,"Lamb & Flag, 24 James St, London W1U 1EL",W1U 1EL,51.514908,-0.150448
"Thornbury Castle, 29A Enford St, London W1H 1DN",W,Marylebone,Space at Front,"Thornbury Castle, 29A Enford St, London W1H 1DN",W1H 1DN,51.520772,-0.162563
"The Royal Oak, The Royal Oak, 74-76 York St, London W1H 1QN",W,Marylebone,Space at Front,"The Royal Oak, The Royal Oak, 74-76 York St, London W1H 1QN",W1H 1QN,51.520096,-0.162475
"The Portman, 51 Upper Berkeley St, London W1H 7QW",W,Marylebone,Space at Front,"The Portman, 51 Upper Berkeley St, London W1H 7QW",W1H 7QW,51.515177,-0.161149
"City of Quebec, 12 Old Quebec St, London W1H 7AF",W,Marylebone,Space at Front,"City of Quebec, 12 Old Quebec St, London W1H 7AF",W1H 7AF,51.51386,-0.158032
"The Lord Wargrave, 40-42 Brendon St, London W1H 5HE",W,Marylebone,Space at Front,"The Lord Wargrave, 40-42 Brendon St, London W1H 5HE",W1H 5HE,51.517775,-0.165235
"The Duke Of York, London W1H 5HJ",W,Marylebone,Space at Front,"The Duke Of York, London W1H 5HJ",W1H 5HJ,51.517578,-0.164162
"174 Tottenham Court Rd, London W1T 7NT",W,Marylebone,Space at Front,"174 Tottenham Court Rd, London W1T 7NT",W1T 7NT,51.52256,-0.135694
"The George & Dragon Fitzrovia, 151 Cleveland St, London W1T 6QN",W,Marylebone,Space at Front,"The George & Dragon Fitzrovia, 151 Cleveland St, London W1T 6QN",W1T 6QN,51.522959,-0.142092
"Ye Grapes, 16 Shepherd Market, London W1J 7QQ",W,Mayfair,Pedestrian/Spill,"Ye Grapes, 16 Shepherd Market, London W1J 7QQ",W1J 7QQ,51.506659,-0.146329
"The Iron Duke, 11 Avery Row, London W1K 4AN",W,Mayfair,Pedestrian/Spill,"The Iron Duke, 11 Avery Row, London W1K 4AN",W1K 4AN,51.512679,-0.145969
"The Guinea Grill, 30 Bruton Pl, London, W1J 6NL",W,Mayfair,Pedestrian/Spill,"The Guinea Grill, 30 Bruton Pl, London, W1J 6NL",W1J 6NL,51.511081,-0.145026
"The Burlington Arms, 21 Old Burlington St, W1S 2JL",W,Mayfair,Pedestrian/Spill,"The Burlington Arms, 21 Old Burlington St, W1S 2JL",W1S 2JL,51.511335,-0.141773
"Shepherds Tavern, 50 Hertford St, London W1J 7ST",W,Mayfair,Pedestrian/Spill,"Shepherds Tavern, 50 Hertford St, London W1J 7ST",W1J 7ST,51.506253,-0.147902
"Spread Eagle, 8 Woodstock St, W1C 2AD",W,Mayfair,Space at Front,"Spread Eagle, 8 Woodstock St, W1C 2AD",W1C 2AD,51.514357,-0.147443
"Barley Mow, 82 Duke St, W1K 6JG",W,Mayfair,Space at Front,"Barley Mow, 82 Duke St, W1K 6JG",W1K 6JG,51.513021,-0.151032
"The Windmill, Mayfair, 6-8 Mill St, London W1S 2AZ",W,Mayfair,Upstairs Terraces,"The Windmill, Mayfair, 6-8 Mill St, London W1S 2AZ",W1S 2AZ,51.512387,-0.142292
"The Windsor Castle, 114 Campden Hill Rd, London W8 7AR",W,Notting Hill,Beer Garden,"The Windsor Castle, 114 Campden Hill Rd, London W8 7AR",W8 7AR,51.506539,-0.198613
"The Hillgate, 24 Hillgate St, London W8 7SR",W,Notting Hill,Space at Front,"The Hillgate, 24 Hillgate St, London W8 7SR",W8 7SR,51.508099,-0.197744
"The Walmer Castle, 58 Ledbury Rd, London W11 2AJ",W,Notting Hill,Space at Front,"The Walmer Castle, 58 Ledbury Rd, London W11 2AJ",W11 2AJ,51.515108,-0.19914
"The Italian Job, 45 All Saints Rd, London W11 1HE",W,Notting Hill,Space at Front,"The Italian Job, 45 All Saints Rd, London W11 1HE",W11 1HE,51.518389,-0.204343
"The Elgin, 96 Ladbroke Grove, London W11 1PY",W,Notting Hill,Space at Front,"The Elgin, 96 Ladbroke Grove, London W11 1PY",W11 1PY,51.516385,-0.209024
"Cock And Bottle, 17 Needham Rd, London W11 2RP",W,Notting Hill,Space at Front,"Cock And Bottle, 17 Needham Rd, London W11 2RP",W11 2RP,51.515201,-0.197483
"Smith's Bar and Grill, 25 Sheldon Square, London W2 6EY",W,Paddington,Canal,"Smith's Bar and Grill, 25 Sheldon Square, London W2 6EY",W2 6EY,51.519172,-0.179193
"Duke Of Kendal, 38 Connaught St, London W2 2AF",W,Paddington,Space at Front,"Duke Of Kendal, 38 Connaught St, London W2 2AF",W2 2AF,51.51468,-0.165705
"Prince of Wales, 2 Cleveland Terrace, London W2 6LH",W,Paddington,Space at Front,"Prince of Wales, 2 Cleveland Terrace, London W2 6LH",W2 6LH,51.516955,-0.180157
"The Pavilion, North Pole Road, London W12 0HQ",W,Shepherd's Bush,Space at Front,"The Pavilion, North Pole Road, London W12 0HQ",W12 0HQ,51.518573,-0.227715
"The Bird In Hand, 88 Masbro Road,, London W14 0LR",W,Shepherd's Bush,Space at Front,"The Bird In Hand, 88 Masbro Road,, London W14 0LR",W14 0LR,51.499929,-0.215673
"The Clachan, 34 Kingly St, Carnaby, London W1B 5QH",W,Soho,Pedestrian/Spill,"The Clachan, 34 Kingly St, Carnaby, London W1B 5QH",W1B 5QH,51.513532,-0.140213
"Shakespeares Head, 29 Great Marlborough St, London W1F 7HZ",W,Soho,Pedestrian/Spill,"Shakespeares Head, 29 Great Marlborough St, London W1F 7HZ",W1F 7HZ,51.513657,-0.139603
"Red Lion, 14 Kingly St, London W1B 5PR",W,Soho,Pedestrian/Spill,"Red Lion, 14 Kingly St, London W1B 5PR",W1B 5PR,51.512731,-0.139064
"John Snow, 39 Broadwick St, London W1F 9QJ",W,Soho,Pedestrian/Spill,"John Snow, 39 Broadwick St, London W1F 9QJ",W1F 9QJ,51.513259,-0.136636
"Blue Posts, 18 Kingly St, Soho, London W1B 5PX",W,Soho,Pedestrian/Spill,"Blue Posts, 18 Kingly St, Soho, London W1B 5PX",W1B 5PX,51.512881,-0.139418
"Argyll Arms, 18 Argyll St, London W1F 7TP",W,Soho,Pedestrian/Spill,"Argyll Arms, 18 Argyll St, London W1F 7TP",W1F 7TP,51.515045,-0.141492
"O'Neill's Carnaby Street, 37-38 Great Marlborough St, London W1F 7JF",W,Soho,Space at Front,"O'Neill's Carnaby Street, 37-38 Great Marlborough St, London W1F 7JF",W1F 7JF,51.514029,-0.139256
"The Bridge House, 13 Westbourne Terrace Rd, London W2 6NG",W,Warwick Avenue,Space at Front,"The Bridge House, 13 Westbourne Terrace Rd, London W2 6NG",W2 6NG,51.520613,-0.184556
"The Jeremy Bentham, 31 University St, London WC1E 6JL",WC,Bloomsbury,Space at Front,"The Jeremy Bentham, 31 University St, London WC1E 6JL",WC1E 6JL,51.523601,-0.135522
"Porterhouse Covent Garden, 21-22 Maiden Ln, London WC2E 7NA",WC,Covent Garden,Space at Front,"Porterhouse Covent Garden, 21-22 Maiden Ln, London WC2E 7NA",WC2E 7NA,51.510676,-0.122964
"Lord John Russell, 91-93 Marchmont St, London WC1N 1AL",WC,Euston,Space at Front,"Lord John Russell, 91-93 Marchmont St, London WC1N 1AL",WC1N 1AL,51.525822,-0.125775
"Swan, 7 Cosmo Pl, London WC1N 3AP",WC,Holborn,Space at Front,"Swan, 7 Cosmo Pl, London WC1N 3AP",WC1N 3AP,51.521184,-0.122719
